Locus	Description	Name	Sequence	OligoType	Reference
ITS	Internal Transcribed Spacer	ITS5	GGAAGTAAAAGTCGTAACAAGG	F	DOI:10.1017/S0953756297005881
ITS	Internal Transcribed Spacer	ITS4	TCCTCCGCTTATTGATATGC	R	White et al. (1990)
LSU	Large subunit ribosomal ribonucleic acid	LROR	ACCCGCTGAACTTAAGC	F	Vilgalys & Hester (1990)
LSU	Large subunit ribosomal ribonucleic acid	LR5	TCCTGAGGGAAACTTCG	R	Vilgalys & Hester (1990)
BenA	Beta tubulin	Bt2a	GGTAACCAAATCGGTGCTGCTTTC	F	DOI:10.1128/aem.61.4.1323-1330.1995
BenA	Beta tubulin	Bt2b	ACCCTCAGTGTAGTGACCCTTGGC	R	DOI:10.1128/aem.61.4.1323-1330.1995
CaM	Calmodulin	cmd5	CCGAGTACAAGGAGGCCTTC	F	DOI:10.1080/15572536.2006.11832738
CaM	Calmodulin	cmd6	CCGATAGAGGTCATAACGTGG	R	DOI:10.1080/15572536.2006.11832738
Act	nuclear actin	ACT-512F	ATGTGCAAGGCCGGTTTCGC	F	DOI:10.1080/00275514.1999.12061051
Act	nuclear actin	ACT-783R	TACGAGTCCTTCTGGCCCAT	R	DOI:10.1080/00275514.1999.12061051
rodA	hydrophobin	rodA1	GCTGGCAATGGTGTTGGCAA	F	DOI:10.1080/00275514.1998.12026977
rodA	hydrophobin	rodA2	AGGGCAATGCAAGGAAGACC	R	DOI:10.1080/00275514.1998.12026977
CYP51A	Erg11 or Cyp51A	cyp51_F	CGGCCGGATGGACATCT	F	DOI:10.1128/jcm.00604-19
CYP51A	Erg11 or Cyp51A	cyp51_R	GCTCGAGCAGCGGTAAAAAT	R	DOI:10.1128/jcm.00604-19
CYP51A	Erg11 or Cyp51A	cyp51_LST	CAATGGCTGAGATTAC	P	DOI:10.1128/jcm.00604-19
STRAf-2A	Microsatellite locus 2A	STRAf-2AF	AAGGGTTATGGCCATTAGGG	F	DOI:10.1128/jcm.43.8.4112-4120.2005
STRAf-2A	Microsatellite locus 2A	STRAf-2AR	GACCTCCAGGCAAAATGAGA	R	DOI:10.1128/jcm.43.8.4112-4120.2005
STRAf-2B	Microsatellite locus 2B	STRAf-2BF	TATTGGATCTGCTCCCAAGC	F	DOI:10.1128/jcm.43.8.4112-4120.2005
STRAf-2B	Microsatellite locus 2B	STRAf-2BR	GAGATCATGCCCAAGGATGT	R	DOI:10.1128/jcm.43.8.4112-4120.2005
STRAf-2C	Microsatellite locus 2C	STRAf-2CF	TCGGAGTAGTTGCAGGAAGG	F	DOI:10.1128/jcm.43.8.4112-4120.2005
STRAf-2C	Microsatellite locus 2C	STRAf-2CR	AACGCGTCCTAGAATGTTGC	R	DOI:10.1128/jcm.43.8.4112-4120.2005
STRAf-3A	Microsatellite locus 3A	STRAf-3AF	GCTTCGTAGAGCGGAATCAC	F	DOI:10.1128/jcm.43.8.4112-4120.2005
STRAf-3A	Microsatellite locus 3A	STRAf-3AR	GTACCGCTGCAAAGGACAGT	R	DOI:10.1128/jcm.43.8.4112-4120.2005
STRAf-3B	Microsatellite locus 3B	STRAf-3BF	CAACTTGGTGTCAGCGAAGA	F	DOI:10.1128/jcm.43.8.4112-4120.2005
STRAf-3B	Microsatellite locus 3B	STRAf-3BR	GAGGTACCACAACACAGCACA	R	DOI:10.1128/jcm.43.8.4112-4120.2005
STRAf-3C	Microsatellite locus 3C	STRAf-3CF	GGTTACATGGCTTGGAGCAT	F	DOI:10.1128/jcm.43.8.4112-4120.2005
STRAf-3C	Microsatellite locus 3C	STRAf-3CR	GTACACAAAGGGTGGGATGG	R	DOI:10.1128/jcm.43.8.4112-4120.2005
STRAf-4A	Microsatellite locus 4A	STRAf-4AF	TTGTTGGCCGCTTTTACTTC	F	DOI:10.1128/jcm.43.8.4112-4120.2005
STRAf-4A	Microsatellite locus 4A	STRAf-4AR	GACCCAGCGCCTATAAATCA	R	DOI:10.1128/jcm.43.8.4112-4120.2005
STRAf-4B	Microsatellite locus 4B	STRAf-4BF	CGTAGTGACCTGAGCCTTCA	F	DOI:10.1128/jcm.43.8.4112-4120.2005
STRAf-4B	Microsatellite locus 4B	STRAf-4BR	GGAAGGCTGTACCGTCAATCT	R	DOI:10.1128/jcm.43.8.4112-4120.2005
STRAf-4C	Microsatellite locus 4C	STRAf-4CF	CATATTGGGAAACCCACTCG	F	DOI:10.1128/jcm.43.8.4112-4120.2005
STRAf-4C	Microsatellite locus 4C	STRAf-4CR	ACCAACCCATCCAATTCGTAA	R	DOI:10.1128/jcm.43.8.4112-4120.2005